index,lightness,width,species
69,5.173770492,16.71571429,0
70,5.915409836,16.25428571,0
71,1.123278689,19.92142857,0
72,1.256393443,17.39571429,0
73,1.370491803,18.34285714,0
126,8.976774194,18.6569395,1
127,5.365806452,21.3088968,1
128,6.226451613,20.20391459,1
129,8.789677419,16.05409253,1
130,9.8,17.06085409,1
